id,label,group,nodesize
Elson Longo,Elson Longo,1,17
Osvaldo Novais de Oliveira Junior,Osvaldo Novais de Oliveira Junior,1,15
César Ricardo Teixeira Tarley,César Ricardo Teixeira Tarley,3,14
Carlos Roberto Grandini,Carlos Roberto Grandini,19,13
Ana Flávia Nogueira,Ana Flávia Nogueira,1,11
Iseli Lourenço Nantes-Cardoso,Iseli Lourenço Nantes-Cardoso,2,11
Alexandre Malta Rossi,Alexandre Malta Rossi,2,10
Pedro Henrique de Oliveira Neto,Pedro Henrique de Oliveira Neto,7,10
Valtencir Zucolotto,Valtencir Zucolotto,18,10
Evelyn Christyan da Silva Santos,Evelyn Christyan da Silva Santos,3,10
Julio Ricardo Sambrano,Julio Ricardo Sambrano,18,9
Leonardo Evaristo de Sousa,Leonardo Evaristo de Sousa,7,9
Paulo Noronha Lisboa Filho,Paulo Noronha Lisboa Filho,18,9
Cleber Renato Mendonca,Cleber Renato Mendonca,4,9
Adenilson Oliveira dos Santos,Adenilson Oliveira dos Santos,17,8
Elias Paiva Ferreira Neto,Elias Paiva Ferreira Neto,8,8
Fernando José Gomes Landgraf,Fernando José Gomes Landgraf,16,8
Marcelo de Assis,Marcelo de Assis,10,8
Souad Ammar,Souad Ammar,1,8
Augusto Batagin-Neto,Augusto Batagin-Neto,1,8
Daniel Zanetti de Florio,Daniel Zanetti de Florio,1,8
João Gomes de Oliveira Neto,João Gomes de Oliveira Neto,17,8
Ubirajara Pereira Rodrigues Filho,Ubirajara Pereira Rodrigues Filho,10,8
Andrea Simone Stucchi de Camargo,Andrea Simone Stucchi de Camargo,3,8
Edésia Martins Barros Sousa,Edésia Martins Barros Sousa,7,8
Rubem Luis Sommer,Rubem Luis Sommer,3,7
Gregório Couto Faria,Gregório Couto Faria,1,7
Guilherme Zepon,Guilherme Zepon,1,7
Bacus de Oliveira Nahime,Bacus de Oliveira Nahime,8,7
Helena Maria Petrilli,Helena Maria Petrilli,3,7
Henrique Rodrigues Oliveira,Henrique Rodrigues Oliveira,16,7
Osvaldo Mitsuyuki Cintho,Osvaldo Mitsuyuki Cintho,16,7
José Antonio Souza,José Antonio Souza,1,7
Angélica Gonçalves Oliveira,Angélica Gonçalves Oliveira,12,6
Fabio Luis Zabotto,Fabio Luis Zabotto,8,6
Deuber L. S. Agostini,Deuber L. S. Agostini,7,6
Elvira Maria Correia Fortunato,Elvira Maria Correia Fortunato,13,6
Antonio Riul Jr.,Antonio Riul Jr.,7,6
Marcos Farina,Marcos Farina,5,6
Vagner Romito de Mendonça,Vagner Romito de Mendonça,13,6
José Antonio Eiras,José Antonio Eiras,1,6
Juliano E. Oliveira,Juliano E. Oliveira,15,6
Ana Adelina Winkler Hechenleitner,Ana Adelina Winkler Hechenleitner,12,6
Daniela Martins Fernandes de Oliveira,Daniela Martins Fernandes de Oliveira,12,6
Valmor Roberto Mastelaro,Valmor Roberto Mastelaro,10,6
Larissa dos Santos Born,Larissa dos Santos Born,7,6
Edgardo Alfonso Gómez Pineda,Edgardo Alfonso Gómez Pineda,12,6
Juan Andrés,Juan Andrés,11,6
Anderson Oliveira Lobo,Anderson Oliveira Lobo,2,6
Priscilla Vanessa Finotelli,Priscilla Vanessa Finotelli,3,6
Miguel San-Miguel,Miguel San-Miguel,1,6
Douglas Marcel Gonçalves Leite,Douglas Marcel Gonçalves Leite,4,6
Tiago de Sousa Araujo Cassiano,Tiago de Sousa Araujo Cassiano,7,6
Fernando Teixeira Bueno,Fernando Teixeira Bueno,7,6
Luan Pereira Camargo,Luan Pereira Camargo,10,6
Luiz Henrique Dall&#039;Antonia,Luiz Henrique Dall&#039;Antonia,10,6
Argemiro Soares da Silva Sobrinho,Argemiro Soares da Silva Sobrinho,4,6
Herman Sander Mansur,Herman Sander Mansur,12,6
Alexandre F. Fonseca,Alexandre F. Fonseca,10,6
Anderson Reis Albuquerque,Anderson Reis Albuquerque,18,6
Carlos José Leopoldo Constantino,Carlos José Leopoldo Constantino,7,6
Luiz Henrique Capparelli Mattoso,Luiz Henrique Capparelli Mattoso,7,5
Reginaldo Muccillo,Reginaldo Muccillo,3,5
Clarissa Almeida Olivati,Clarissa Almeida Olivati,7,5
Roger C Hiorns,Roger C Hiorns,7,5
Julian Arnaldo Avila Diaz,Julian Arnaldo Avila Diaz,17,5
Julián David Escobar Atehortua,Julián David Escobar Atehortua,17,5
Luciano Caseli,Luciano Caseli,7,5
Sara Gemini Piperni,Sara Gemini Piperni,3,5
Elidiane Cipriano Rangel,Elidiane Cipriano Rangel,10,5
Lucy Vitoria Credidio Assali,Lucy Vitoria Credidio Assali,12,5
Juarez L. F. Da Silva,Juarez L. F. Da Silva,14,5
Flávio Garcia,Flávio Garcia,3,5
Railson Bolsoni Falcão,Railson Bolsoni Falcão,16,5
Nilson C. Cruz,Nilson C. Cruz,10,5
LUCIMARA STOLZ ROMAN,LUCIMARA STOLZ ROMAN,2,5
Elena Tude,Elena Tude,5,5
Noemi Raquel Checca Huaman,Noemi Raquel Checca Huaman,3,5
André Rossi,André Rossi,5,5
Richard Javier Caraballo-Vivas,Richard Javier Caraballo-Vivas,3,5
Marcia Regina de Moura Aouada,Marcia Regina de Moura Aouada,13,5
Ivan H. Bechtold,Ivan H. Bechtold,7,5
Daniel Eduardo Weibel,Daniel Eduardo Weibel,1,5
Francisco Trivinho Strixino,Francisco Trivinho Strixino,7,5
Eduard Westphal,Eduard Westphal,7,5
Waldemar Augusto de Almeida Macedo,Waldemar Augusto de Almeida Macedo,7,5
Ana Champi,Ana Champi,1,5
Sidney JL Ribeiro,Sidney JL Ribeiro,8,5
Ivair Aparecido Santos,Ivair Aparecido Santos,8,5
Eduardo Azzolini Volnistem,Eduardo Azzolini Volnistem,8,5
Danilo Manzani,Danilo Manzani,4,5
Maria Inês Basso Bernardi,Maria Inês Basso Bernardi,12,5
Manuel Henrique Lente,Manuel Henrique Lente,8,5
Talitha Ramos Canabarra dos Santos,Talitha Ramos Canabarra dos Santos,1,5
Jessica de Lara Andrade,Jessica de Lara Andrade,13,5
Neri Alves,Neri Alves,1,5
Carlos Frederico de Oliveira Graeff,Carlos Frederico de Oliveira Graeff,1,5
Aldebarã Fausto Ferreira,Aldebarã Fausto Ferreira,10,5
André Luis de Jesus Pereira,André Luis de Jesus Pereira,4,5
Walter Mendes de Azevedo,Walter Mendes de Azevedo,10,5
João Henrique Lopes,João Henrique Lopes,19,5
Pedro Barquinha,Pedro Barquinha,13,5
VARLEI RODRIGUES,VARLEI RODRIGUES,10,5
Guilherme da Silva Lopes Fabris,Guilherme da Silva Lopes Fabris,18,5
Eralci Moreira Therézio,Eralci Moreira Therézio,2,5
Alexandra Ancelmo Piscitelli Mansur,Alexandra Ancelmo Piscitelli Mansur,12,5
Ana Luísa Terasawa Senra,Ana Luísa Terasawa Senra,16,5
Marcel Tadashi Izumi,Marcel Tadashi Izumi,16,5
GUSTAVO MARTINI DALPIAN,GUSTAVO MARTINI DALPIAN,1,5
Karine Anselme,Karine Anselme,2,5
Cristiano Francico Woellner,Cristiano Francico Woellner,9,5
Adrianne Marlise Mendes Brito,Adrianne Marlise Mendes Brito,4,5
Gustavo Sanguino Dias,Gustavo Sanguino Dias,8,5
Thales Rafael Machado,Thales Rafael Machado,11,4
Sabrina Nicoleti Carvalho dos Santos,Sabrina Nicoleti Carvalho dos Santos,4,4
Milton Sergio Fernandes de Lima,Milton Sergio Fernandes de Lima,4,4
Sabrina Aléssio Camacho,Sabrina Aléssio Camacho,22,4
Roberto Mendonça Faria,Roberto Mendonça Faria,1,4
Fabio Simões de Vicente,Fabio Simões de Vicente,10,4
José Manoel Marconcini,José Manoel Marconcini,23,4
Aryane Tofanello,Aryane Tofanello,1,4
FERNANDO PEREIRA SABINO,FERNANDO PEREIRA SABINO,1,4
Fauze Ahmad Aouada,Fauze Ahmad Aouada,15,4
Paula Mantovani dos Santos,Paula Mantovani dos Santos,10,4
Bárbara Souza Damasceno,Bárbara Souza Damasceno,4,4
Jussara Soares da Silva,Jussara Soares da Silva,10,4
Matheus Batista de Lima,Matheus Batista de Lima,23,4
Roseli Kunzel,Roseli Kunzel,4,4
Harald Bock,Harald Bock,7,4
Milene Yumi Maeda,Milene Yumi Maeda,16,4
Victor Lira Chastinet,Victor Lira Chastinet,16,4
Mauricio de Castro,Mauricio de Castro,16,4
Wilson Aires Ortiz,Wilson Aires Ortiz,3,4
Leticia Falcao Starck,Leticia Falcao Starck,16,4
Glaura Goulart Silva,Glaura Goulart Silva,2,4
Graziâni Candiotto,Graziâni Candiotto,2,4
Isabela Dainezi,Isabela Dainezi,16,4
Paula Maria Pincela Lins,Paula Maria Pincela Lins,22,4
Douglas Soares Galvão,Douglas Soares Galvão,12,4
Maria Adrina Paixão de Souza da Silva,Maria Adrina Paixão de Souza da Silva,16,4
Ana Sofia C. M. D'Oliveira,Ana Sofia C. M. D'Oliveira,5,4
Guilherme Boenny Strapasson,Guilherme Boenny Strapasson,2,4
Andréa Claudia Oliveira Silva,Andréa Claudia Oliveira Silva,23,4
Ana Paula Lopes da Silva,Ana Paula Lopes da Silva,23,4
Rodrigo Ferrão de Paiva Martins,Rodrigo Ferrão de Paiva Martins,13,4
José M. E. Matos,José M. E. Matos,17,4
Pedro Henrique Benites Aoki,Pedro Henrique Benites Aoki,22,4
Maykel dos Santos Klem,Maykel dos Santos Klem,1,4
Gabriel Leonardo Nogueira,Gabriel Leonardo Nogueira,1,4
Lucimara Stolz Roman,Lucimara Stolz Roman,1,4
Ricardo Sanson Namur,Ricardo Sanson Namur,16,4
Amanda Pasquoto Perissinotto,Amanda Pasquoto Perissinotto,10,4
Celso Molina,Celso Molina,3,4
Caio Vinicius Lima Natarelli,Caio Vinicius Lima Natarelli,23,4
Florian Steffen Günther,Florian Steffen Günther,7,4
Chantal Damia,Chantal Damia,19,4
Piter Gargarella,Piter Gargarella,16,4
Claudia Merlini,Claudia Merlini,2,4
Nelson Henrique Morgon,Nelson Henrique Morgon,18,4
Maurício Ribeiro Baldan,Maurício Ribeiro Baldan,13,4
Stephani Stamboroski,Stephani Stamboroski,19,4
Sajjad Ullah,Sajjad Ullah,8,4
João Pedro Esteves Araujo,João Pedro Esteves Araujo,18,4
Armandina Maria Lima Lopes,Armandina Maria Lima Lopes,18,4
Mariana Gava Segatelli,Mariana Gava Segatelli,8,4
Daiane Damasceno Borges,Daiane Damasceno Borges,1,4
Andrea Vasconcelos Ferraz,Andrea Vasconcelos Ferraz,2,4
Celso Valentim Santilli,Celso Valentim Santilli,10,4
Sergio Ricardo de Lazaro,Sergio Ricardo de Lazaro,18,4
Fanny Béron,Fanny Béron,3,4
Carlos Eduardo Bezerra de Moura,Carlos Eduardo Bezerra de Moura,2,4
Walter José Botta Filho,Walter José Botta Filho,1,4
Clodomiro Alves Junior,Clodomiro Alves Junior,2,4
Jussier de Oliveira Vitoriano,Jussier de Oliveira Vitoriano,2,4
Carlos César Bof Bufon,Carlos César Bof Bufon,1,4
Leandro Merces,Leandro Merces,1,4
Anerise de Barros,Anerise de Barros,1,4
Eric CHAMPION,Eric CHAMPION,2,4
Aline Capella de Oliveira,Aline Capella de Oliveira,16,4
Neide Aparecida Mariano,Neide Aparecida Mariano,16,4
José Artigas dos Santos Laranjeira,José Artigas dos Santos Laranjeira,18,4
Mateus Ferrer,Mateus Ferrer,18,4
Spyridion Haritos Borges,Spyridion Haritos Borges,16,4
Eliria Maria de Jesus Agnolon Pallone,Eliria Maria de Jesus Agnolon Pallone,1,4
Andrey Coatrini Soares,Andrey Coatrini Soares,7,4
Julia Delatorre Bronzato,Julia Delatorre Bronzato,4,4
Edson C.  Silva Filho,Edson C.  Silva Filho,13,4
Newton Martins Barbosa Neto,Newton Martins Barbosa Neto,7,4
Sergio Antonio Marques Lima,Sergio Antonio Marques Lima,1,4
Flavio Garcia,Flavio Garcia,7,4
Moysés Leite de Lima,Moysés Leite de Lima,16,4
Marco Roberto Cavallari,Marco Roberto Cavallari,2,4
Daniel Souza Corrêa,Daniel Souza Corrêa,7,4
Ana Maria Pires,Ana Maria Pires,1,4
Fernando Josepetti Fonseca,Fernando Josepetti Fonseca,2,4
Petrus Santa-Cruz,Petrus Santa-Cruz,1,4
Mário Boccalini Jr.,Mário Boccalini Jr.,16,4
José Enrique Eirez Izquierdo,José Enrique Eirez Izquierdo,2,4
Dachamir Hotza,Dachamir Hotza,15,4
Anna Gabriella Tempesta,Anna Gabriella Tempesta,7,4
Rodrigo Szostak,Rodrigo Szostak,2,4
Marcel Guimarães Martins,Marcel Guimarães Martins,13,4
Luis Henrique da Silveira Lacerda,Luis Henrique da Silveira Lacerda,1,4
Fabio Furlan Ferreira,Fabio Furlan Ferreira,1,4
Diego Rafael Nespeque Correa,Diego Rafael Nespeque Correa,19,4
Paulo Trindade Araujo,Paulo Trindade Araujo,7,4
Gabriel de Moura Martins,Gabriel de Moura Martins,2,3
Ivan de Paula Miranda,Ivan de Paula Miranda,3,3
Luis Paulo Mourão dos Santos,Luis Paulo Mourão dos Santos,13,3
Filipe Silva,Filipe Silva,4,3
Carla Marina Santos Feldhaus,Carla Marina Santos Feldhaus,13,3
Elisangela Elena Nunes Carvalho,Elisangela Elena Nunes Carvalho,23,3
Mathilde Champeau,Mathilde Champeau,23,3
Óscar Carvalho,Óscar Carvalho,4,3
Vagner Roberto Botaro,Vagner Roberto Botaro,24,3
Cristie Luis Kugelmeier,Cristie Luis Kugelmeier,16,3
Caroline Teixeira Lopes,Caroline Teixeira Lopes,3,3
Ana Paula de Azevedo Marques,Ana Paula de Azevedo Marques,13,3
Gelson Tiago dos Santos Tavares Silva,Gelson Tiago dos Santos Tavares Silva,13,3
Monica Alonso Cotta,Monica Alonso Cotta,2,3
Rafael Zadorosny,Rafael Zadorosny,3,3
Igor Frota Vasconcelos,Igor Frota Vasconcelos,13,3
WILLY ANK DE MORAIS,WILLY ANK DE MORAIS,16,3
Antonio Jorge Abdalla,Antonio Jorge Abdalla,4,3
Joan OConnor,Joan OConnor,2,3
Cilene Labre,Cilene Labre,3,3
Odivaldo Cambraia Alves,Odivaldo Cambraia Alves,3,3
LUANA  Wouk,LUANA  Wouk,3,3
Milena do Prado Ferreira,Milena do Prado Ferreira,3,3
Maycon Motta,Maycon Motta,3,3
Alejandro V. Silhanek,Alejandro V. Silhanek,3,3
Helio Cesar Nogueira Tolentino,Helio Cesar Nogueira Tolentino,3,3
Rosana Alves Gonçalves,Rosana Alves Gonçalves,13,3
Edson Laureto,Edson Laureto,3,3
Leonnam Gotardo Merizio,Leonnam Gotardo Merizio,3,3
Alexandre Mello,Alexandre Mello,3,3
Olivia Maria Berengue,Olivia Maria Berengue,13,3
Angela Burlamaqui Klautau,Angela Burlamaqui Klautau,3,3
Ana Paula Ramos,Ana Paula Ramos,2,3
Andris Figueiroa Bakuzis,Andris Figueiroa Bakuzis,3,3
Claudio S. Kiminami,Claudio S. Kiminami,16,3
Moataz Attallah,Moataz Attallah,16,3
Anders Bergman,Anders Bergman,3,3
Stano Imbrogno,Stano Imbrogno,16,3
Pamela Karina dos Santos Bomfim,Pamela Karina dos Santos Bomfim,16,3
Rita Branquinho,Rita Branquinho,13,3
Pietro Ciancaglini,Pietro Ciancaglini,2,3
Claudio Teodoro dos Santos,Claudio Teodoro dos Santos,2,3
Kleber Roberto Pirota,Kleber Roberto Pirota,3,3
Guido Rezende de Alencastro Graça,Guido Rezende de Alencastro Graça,2,3
Cristiane Evelise Ribeiro da Silva,Cristiane Evelise Ribeiro da Silva,2,3
Ernesto Chaves Pereira de Souza,Ernesto Chaves Pereira de Souza,3,3
Maysa Terada,Maysa Terada,16,3
Silgia Aparecida Costa,Silgia Aparecida Costa,4,3
Anderson Emanuel Ximim Gavim,Anderson Emanuel Ximim Gavim,7,3
Maria Leticia Vega,Maria Leticia Vega,7,3
Henrique Frulani de Paula Barbosa,Henrique Frulani de Paula Barbosa,7,3
Juliana Eccher,Juliana Eccher,7,3
Daniela Zambelli Mezalira,Daniela Zambelli Mezalira,7,3
Adilson J A de Oliveira,Adilson J A de Oliveira,7,3
Pedro Augusto de Paula Nascente,Pedro Augusto de Paula Nascente,19,3
Marcos Akira dÁvila,Marcos Akira dÁvila,19,3
Leice Gonçalves Amurin,Leice Gonçalves Amurin,10,3
Andrea Machado Costa,Andrea Machado Costa,19,3
Douglas Jose Coutinho,Douglas Jose Coutinho,7,3
Wilson José Da Silva,Wilson José Da Silva,7,3
Tatiana Bendo,Tatiana Bendo,10,3
Andreia Gerniski Macedo,Andreia Gerniski Macedo,7,3
Cristiano Binder,Cristiano Binder,10,3
Rafael Parra Ribeiro,Rafael Parra Ribeiro,10,3
Luís Miguel Pereira,Luís Miguel Pereira,7,3
Rodrigo Ferrão Martins,Rodrigo Ferrão Martins,7,3
José Fernando Queiruga Rey,José Fernando Queiruga Rey,17,3
Cibely Silva Martin,Cibely Silva Martin,10,3
Armstrong Godoy Junior,Armstrong Godoy Junior,10,3
Mateus Ribeiro Lage,Mateus Ribeiro Lage,17,3
Jailton Romão Viana,Jailton Romão Viana,17,3
Marcelo Fernandes Cipreste,Marcelo Fernandes Cipreste,10,3
Maria Luisa Braunger,Maria Luisa Braunger,7,3
Matthias Hillenkamp,Matthias Hillenkamp,10,3
Rafael C. Hensel,Rafael C. Hensel,10,3
Bruno  Henriques,Bruno  Henriques,4,3
Leonardo Francisco Gonçalves Dias,Leonardo Francisco Gonçalves Dias,18,3
Sara Aldabe Bilmes,Sara Aldabe Bilmes,10,3
Alexandre Luis Parize,Alexandre Luis Parize,10,3
Diogo Silva Pellosi,Diogo Silva Pellosi,10,3
Frederico Duarte de Menezes,Frederico Duarte de Menezes,10,3
Milton Alexandre Cardoso,Milton Alexandre Cardoso,10,3
Fábio Ruiz Simões,Fábio Ruiz Simões,10,3
Gabriela Martins de Araújo,Gabriela Martins de Araújo,10,3
Marylyn Setsuko Arai,Marylyn Setsuko Arai,10,3
Orisson Ponce Gomes,Orisson Ponce Gomes,18,3
Leliz Ticona Arenas,Leliz Ticona Arenas,10,3
Tania Maria Haas Costa,Tania Maria Haas Costa,10,3
João Pedro Costa Rheinheimer,João Pedro Costa Rheinheimer,18,3
Claudemiro Bolfarini,Claudemiro Bolfarini,10,3
Juliana Cancino Bernardi,Juliana Cancino Bernardi,18,3
Oswaldo Hideo Ando Junior,Oswaldo Hideo Ando Junior,10,3
Renan Augusto Pontes Ribeiro,Renan Augusto Pontes Ribeiro,18,3
Marcelo de Assunção Pereira-da-Silva,Marcelo de Assunção Pereira-da-Silva,10,3
Edison Zacarias da Silva,Edison Zacarias da Silva,18,3
Ramón Raudel Peña Garcia,Ramón Raudel Peña Garcia,8,3
Flávia Regina Estrada,Flávia Regina Estrada,8,3
Ana Carolyne da Silva Pereira,Ana Carolyne da Silva Pereira,8,3
Aldo E. Job,Aldo E. Job,18,3
Alexandre José de Castro Lanfredi,Alexandre José de Castro Lanfredi,10,3
Maria de Almeida Silva,Maria de Almeida Silva,8,3
Diego Ernesto González-Chávez,Diego Ernesto González-Chávez,7,3
Jhuliene Elen Torrento,Jhuliene Elen Torrento,19,3
Marcia Tsuyama Escote,Marcia Tsuyama Escote,10,3
Otávio Fernandes Lima da Rocha,Otávio Fernandes Lima da Rocha,16,3
Pedro Lana Gastelois,Pedro Lana Gastelois,22,3
Natalia Mayumi Inada,Natalia Mayumi Inada,22,3
Mirella Boaro Kobal,Mirella Boaro Kobal,22,3
Karina Alves Toledo,Karina Alves Toledo,22,3
Regina Bertília Dantas de Medeiros,Regina Bertília Dantas de Medeiros,12,3
Meysam Mashhadikarimi,Meysam Mashhadikarimi,12,3
Uílame Umbelino Gomes,Uílame Umbelino Gomes,12,3
Natália Aparecida Rocha Pinto,Natália Aparecida Rocha Pinto,22,3
Stephanne Yonara Barbosa de Carvalho,Stephanne Yonara Barbosa de Carvalho,22,3
Luiz Gustavo de Lima Guimarães,Luiz Gustavo de Lima Guimarães,22,3
Felipe Leon Nascimento de Sousa,Felipe Leon Nascimento de Sousa,4,3
Thomas L. Ellington,Thomas L. Ellington,12,3
Maiyara Carolyne Prete,Maiyara Carolyne Prete,10,3
Kevin L. Shuford,Kevin L. Shuford,12,3
Adilson Luiz Chinelatto,Adilson Luiz Chinelatto,1,3
Ingrid David Barcelos,Ingrid David Barcelos,12,3
Arandi Ginane Bezerra Jr,Arandi Ginane Bezerra Jr,4,3
Leonardo De Boni,Leonardo De Boni,4,3
Lucas Fiocco Sciuti,Lucas Fiocco Sciuti,4,3
Leandro Henrique Zucolotto Cocca,Leandro Henrique Zucolotto Cocca,4,3
Vágner Braga,Vágner Braga,4,3
Kelly Tasso de Paula,Kelly Tasso de Paula,4,3
Isabela Machado Horta,Isabela Machado Horta,4,3
Regiane Santana de Oliveira,Regiane Santana de Oliveira,4,3
Thibaut Robine,Thibaut Robine,4,3
Zhuorui Lu,Zhuorui Lu,4,3
Wilfried Blanc,Wilfried Blanc,4,3
Wilian Vidotto da Costa,Wilian Vidotto da Costa,12,3
Gerson Santos de Almeida,Gerson Santos de Almeida,19,3
Willian Fernando Zambuzzi,Willian Fernando Zambuzzi,19,3
Marcos Allan Leite dos Reis,Marcos Allan Leite dos Reis,10,3
Thiago Cazati,Thiago Cazati,7,3
Pablo Cesar Serrano Arambulo,Pablo Cesar Serrano Arambulo,7,3
Gisele Elias Nunes,Gisele Elias Nunes,7,3
Renê Santos de Amorim,Renê Santos de Amorim,7,3
Laura Oliveira Péres,Laura Oliveira Péres,7,3
Walajhone Oliveira Pereira,Walajhone Oliveira Pereira,17,3
João Pedro Oliveira,João Pedro Oliveira,17,3
Roman Alvarez Roca,Roman Alvarez Roca,11,3
Pedro Miguel da Rocha Rodrigues,Pedro Miguel da Rocha Rodrigues,20,3
Cid Bartolomeu de Araujo,Cid Bartolomeu de Araujo,7,3
Antônio Alves de Carvalho Júnior,Antônio Alves de Carvalho Júnior,17,3
Adalberto Fazzio,Adalberto Fazzio,11,3
Kelson de Sousa Leite,Kelson de Sousa Leite,17,3
Lígia Passos Maia-Obi,Lígia Passos Maia-Obi,20,3
Luiz Fernando Cótica,Luiz Fernando Cótica,16,3
Carlos Mera Acosta,Carlos Mera Acosta,11,3
Gleicy de Lima Xavier Ribeiro,Gleicy de Lima Xavier Ribeiro,16,3
Renato Spacini de Castro,Renato Spacini de Castro,16,3
Thalita Jessika Bondancia,Thalita Jessika Bondancia,22,3
Luis Vicente de Andrade Scalvi,Luis Vicente de Andrade Scalvi,4,3
Patrícia dos Santos Araújo,Patrícia dos Santos Araújo,13,3
Silma Alberton Corrêa,Silma Alberton Corrêa,15,3
Andre S Ferlauto,Andre S Ferlauto,1,3
Gustavo Dalpian,Gustavo Dalpian,1,3
Dennis Cabrera García,Dennis Cabrera García,2,3
Michael Noeske,Michael Noeske,13,3
Helen Conceição Ferraz,Helen Conceição Ferraz,13,3
André Avelino Pasa,André Avelino Pasa,1,3
Eliana Navarro dos Santos Muccillo,Eliana Navarro dos Santos Muccillo,1,3
Lorayne Aguiar,Lorayne Aguiar,13,3
Ieda Lúcia Viana Rosa,Ieda Lúcia Viana Rosa,15,3
Cláudio Backes,Cláudio Backes,1,3
Ary da Silva Maia,Ary da Silva Maia,15,3
Gutemberg Gomes Alves,Gutemberg Gomes Alves,2,3
Romildo Jerônimo Ramos,Romildo Jerônimo Ramos,2,3
Isadora Cota Carvalho,Isadora Cota Carvalho,15,3
Alexandre Marletta,Alexandre Marletta,2,3
Amanda Fernandes Gouveia,Amanda Fernandes Gouveia,15,3
Fabiano Rafael Praxedes,Fabiano Rafael Praxedes,1,3
Silvania Lanfredi,Silvania Lanfredi,1,3
RENE ALFONSO NOME,RENE ALFONSO NOME,1,3
Marcos Jose Leite Santos,Marcos Jose Leite Santos,14,3
Jéssica Helisa Hautrive Rossato,Jéssica Helisa Hautrive Rossato,1,3
Andre Luiz Martins de Freitas,Andre Luiz Martins de Freitas,1,3
Josy A. Osajima,Josy A. Osajima,15,3
Tauany de Figueiredo Neves,Tauany de Figueiredo Neves,15,3
Leandro Benatto,Leandro Benatto,2,3
José Humberto Dias da Silva,José Humberto Dias da Silva,1,3
Cláudia Karina Barbosa de Vasconcelos,Cláudia Karina Barbosa de Vasconcelos,2,3
Marlus Koehler,Marlus Koehler,2,3
Natália Gabriele Camparotto,Natália Gabriele Camparotto,15,3
Alberto Moreira Jorge Junior,Alberto Moreira Jorge Junior,13,3
Cezar Augusto Moreira,Cezar Augusto Moreira,15,3
Érica Signori Romagnoli,Érica Signori Romagnoli,1,3
Patricia Prediger,Patricia Prediger,15,3
Terje Finstad,Terje Finstad,1,3
Patrícia Almeida Carvalho,Patrícia Almeida Carvalho,1,3
Letícia Mariê Minatogau Ferro,Letícia Mariê Minatogau Ferro,1,3
Jamil Ur Rahman,Jamil Ur Rahman,1,3
Nayereh Soltani,Nayereh Soltani,1,3
Giovanna Machado,Giovanna Machado,1,3
Diogo B. Almeida,Diogo B. Almeida,14,3
Fernanda Roberta Marciano,Fernanda Roberta Marciano,2,3
Virginie Roche,Virginie Roche,13,3
Pieuchot Laurent,Pieuchot Laurent,2,3
Aldo J.G. Zarbin,Aldo J.G. Zarbin,1,3
Lara Kelly Ribeiro,Lara Kelly Ribeiro,15,3
Guilherme Luiz Dotto,Guilherme Luiz Dotto,15,2
Felipe Augusto Gorla,Felipe Augusto Gorla,8,2
João Guilherme Correia,João Guilherme Correia,18,2
Nádia Silva Cosmo,Nádia Silva Cosmo,16,2
Bruno Lemos Batista,Bruno Lemos Batista,1,2
Pablo Rougerie,Pablo Rougerie,21,2
Xiang Zhang,Xiang Zhang,18,2
Miguel Henrique Boratto,Miguel Henrique Boratto,1,2
Chenxi Li,Chenxi Li,18,2
Leticia Batista Clarindo Silva,Leticia Batista Clarindo Silva,22,2
Yasmin Vieira,Yasmin Vieira,15,2
Mauro Coelho dos Santos,Mauro Coelho dos Santos,1,2
Natan Luis Nozella,Natan Luis Nozella,1,2
Cássio Augusto Pinto Silva,Cássio Augusto Pinto Silva,16,2
Regiamara Ribeiro Almeida,Regiamara Ribeiro Almeida,22,2
Bruno Hori Barboza,Bruno Hori Barboza,18,2
Mirela Inês de Sairre,Mirela Inês de Sairre,1,2
Suzana Azevedo dos Anjos,Suzana Azevedo dos Anjos,5,2
Marcus Vinicius Lia Fook,Marcus Vinicius Lia Fook,21,2
Luis Umbelino dos Santos,Luis Umbelino dos Santos,16,2
Eder Socrates Najar Lopes,Eder Socrates Najar Lopes,16,2
Eduardo Bertoni da Fonseca,Eduardo Bertoni da Fonseca,16,2
André Henrique Guimarães Gabriel,André Henrique Guimarães Gabriel,16,2
Marcelo Ornaghi Orlandi,Marcelo Ornaghi Orlandi,1,2
Joaquim Francisco Bertuol Porto,Joaquim Francisco Bertuol Porto,16,2
Rangel Graudiston Aredes,Rangel Graudiston Aredes,8,2
Lauro Paulo da Silva Neto,Lauro Paulo da Silva Neto,8,2
Eduardo Antonelli,Eduardo Antonelli,8,2
Michel Lacerda Marcondes,Michel Lacerda Marcondes,18,2
Marcia Carvalho de Abreu Fantini,Marcia Carvalho de Abreu Fantini,1,2
Tatiane Horta Ribeiro,Tatiane Horta Ribeiro,15,2
Biplab Sanyal,Biplab Sanyal,12,2
Keli Fabiana Seidel,Keli Fabiana Seidel,7,2
José Pedro Mansueto Serbena,José Pedro Mansueto Serbena,7,2
Karla Furtado Andriani,Karla Furtado Andriani,14,2
Elton Alves de Moura,Elton Alves de Moura,7,2
Bruno Sanches de Lima,Bruno Sanches de Lima,10,2
Andrew Paul Monkman,Andrew Paul Monkman,7,2
Amanda Akemy Komorizono,Amanda Akemy Komorizono,10,2
Gurpreet Singh,Gurpreet Singh,1,2
Vinicius Santana da Silva,Vinicius Santana da Silva,17,2
Francisco Gil Coury,Francisco Gil Coury,10,2
Thiago Antônio Paixão de Souza Costa,Thiago Antônio Paixão de Souza Costa,16,2
Sergio Brochsztain,Sergio Brochsztain,10,2
Luiz Fernando Gorup,Luiz Fernando Gorup,1,2
Samuel Silva dos Santos,Samuel Silva dos Santos,20,2
Rafael Furlan de Oliveira,Rafael Furlan de Oliveira,8,2
Adriana Scoton Chinelatto,Adriana Scoton Chinelatto,8,2
Ivan Paula Miranda,Ivan Paula Miranda,20,2
Fernanda Ferraz Camilo,Fernanda Ferraz Camilo,4,2
Isabela Carla Soares,Isabela Carla Soares,22,2
Fabrício Frizera Borghi,Fabrício Frizera Borghi,26,2
Eliezer Fernando de Oliveira,Eliezer Fernando de Oliveira,18,2
Kethlinn Ramos,Kethlinn Ramos,8,2
ALEXANDRE REILY ROCHA,ALEXANDRE REILY ROCHA,11,2
Felippe Pereira Amorim,Felippe Pereira Amorim,11,2
Gabriela Lauer Breitenbach,Gabriela Lauer Breitenbach,20,2
Camila Dias de Oliveira,Camila Dias de Oliveira,20,2
Raquele Lima Moreira,Raquele Lima Moreira,15,2
Aline Nakagawa do Nascimento,Aline Nakagawa do Nascimento,1,2
Fabio Coral Fonseca,Fabio Coral Fonseca,8,2
MAURIZIO FERRARI,MAURIZIO FERRARI,4,2
Otaciro Rangel Nascimento,Otaciro Rangel Nascimento,4,2
Pulickel M. Ajayan,Pulickel M. Ajayan,18,2
Robert Vajtai,Robert Vajtai,18,2
Celso Antonio Goulart,Celso Antonio Goulart,8,2
Crystopher Cardoso Brito,Crystopher Cardoso Brito,16,2
Márcio Raymundo Morelli,Márcio Raymundo Morelli,8,2
César Renato Foschini,César Renato Foschini,12,2
Leonardo Miziara Barboza Ferreira,Leonardo Miziara Barboza Ferreira,22,2
Dulcina Pinatti Ferreira de Souza,Dulcina Pinatti Ferreira de Souza,8,2
Natália Noronha Ferreira,Natália Noronha Ferreira,22,2
Pedro da Silva Craidy,Pedro da Silva Craidy,16,2
Antonio J. Ramirez,Antonio J. Ramirez,16,2
Karolaine Ramada Neves,Karolaine Ramada Neves,8,2
Anand B. Puthirath,Anand B. Puthirath,18,2
Cedric Rocha Leão,Cedric Rocha Leão,4,2
alex zunger,alex zunger,1,2
Marcela Zanetti Corazza,Marcela Zanetti Corazza,15,2
Aelton Baptista Santos,Aelton Baptista Santos,15,2
Cristian Guilherme Barbosa Pereira,Cristian Guilherme Barbosa Pereira,12,2
Lorena Araújo Silva,Lorena Araújo Silva,8,2
Paula Fabíola Pantoja Pinheiro,Paula Fabíola Pantoja Pinheiro,15,2
Sylma Carvalho Maestrelli,Sylma Carvalho Maestrelli,1,2
Karolaynne Sousa Tavares,Karolaynne Sousa Tavares,8,2
Frederico Barros de Sousa,Frederico Barros de Sousa,12,2
Amauri Garcia,Amauri Garcia,16,2
Noé Cheung,Noé Cheung,16,2
Felipe Dias Faglioni,Felipe Dias Faglioni,12,2
Vicente Gerlin Neto,Vicente Gerlin Neto,12,2
Célia Machado Ronconi,Célia Machado Ronconi,22,2
Alexandre Mendes de Almeida Junior,Alexandre Mendes de Almeida Junior,22,2
Andressa S. Gomes,Andressa S. Gomes,18,2
Maria V. G. Leal,Maria V. G. Leal,18,2
Claudia Longo,Claudia Longo,1,2
Vitor Melo Frata Barbosa,Vitor Melo Frata Barbosa,8,2
Felipe de Moura Souza,Felipe de Moura Souza,1,2
Cristiani Campos Plá Cid,Cristiani Campos Plá Cid,1,2
Sandra Helena Pulcinelli,Sandra Helena Pulcinelli,10,2
Victor dos Santos Pinheiro,Victor dos Santos Pinheiro,1,2
Tuani Carla Gentil,Tuani Carla Gentil,1,2
Guilherme Dognani,Guilherme Dognani,18,2
Maria Julia Bistaffa,Maria Julia Bistaffa,22,2
Maximiliano Santos da Rocha,Maximiliano Santos da Rocha,22,2
Rodolfo Foster Klein-Gunnewiek,Rodolfo Foster Klein-Gunnewiek,1,2
Elisa Magno Nunes Oliveira,Elisa Magno Nunes Oliveira,22,2
Carlos Henrique Ahrens,Carlos Henrique Ahrens,16,2
Flávio C. Cabrera,Flávio C. Cabrera,18,2
Ricardo Meurer Papaléo,Ricardo Meurer Papaléo,22,2
Harikishan Kannan,Harikishan Kannan,18,2
Carlos Cesar Bof Bufon,Carlos Cesar Bof Bufon,12,2
Mohammad Reza Dousti,Mohammad Reza Dousti,4,2
Davi Henrique Starnini de Camargo,Davi Henrique Starnini de Camargo,8,2
Emerson Rodrigues Camargo,Emerson Rodrigues Camargo,1,2
Eduardo Jorge da Silva Fonseca,Eduardo Jorge da Silva Fonseca,4,2
LUIZ GUSTAVO BONATO,LUIZ GUSTAVO BONATO,14,2
Leonardo Carvalho Soares,Leonardo Carvalho Soares,1,2
Laura Maísa Souza dos Santos,Laura Maísa Souza dos Santos,4,2
JONATHAS MATIAS DE OLIVEIRA,JONATHAS MATIAS DE OLIVEIRA,4,2
Franck Pigeonneau,Franck Pigeonneau,4,2
Pedro de Camargo Mazon,Pedro de Camargo Mazon,15,2
Luelc Souza Costa,Luelc Souza Costa,1,2
Eloisa Cordoncillo,Eloisa Cordoncillo,11,2
Isabela Atílio Ligabo,Isabela Atílio Ligabo,16,2
Abd. Rashid bin Mohd Yusoff,Abd. Rashid bin Mohd Yusoff,7,2
Geraldo Maurício Cândido,Geraldo Maurício Cândido,10,2
Wesley Brito Jalil da Fonseca,Wesley Brito Jalil da Fonseca,7,2
Rita de Cassia Mendonca Sales,Rita de Cassia Mendonca Sales,10,2
Eduardo Rezende Triboni,Eduardo Rezende Triboni,10,2
Douglas Henrique Vieira,Douglas Henrique Vieira,7,2
Ricardo Geraldo de Sousa,Ricardo Geraldo de Sousa,10,2
Marcelo Soares Borro,Marcelo Soares Borro,7,2
Vinicius Jessé Rodriges Oliveira,Vinicius Jessé Rodriges Oliveira,7,2
Clarissa de Almeida Olivati,Clarissa de Almeida Olivati,7,2
Sydney Ferreira Santos,Sydney Ferreira Santos,1,2
Flávio Makoto Shimizu,Flávio Makoto Shimizu,7,2
Pedro Barbosa Costa Serra,Pedro Barbosa Costa Serra,15,2
Samuel B. C. Serra,Samuel B. C. Serra,15,2
João Paulo de Mesquita,João Paulo de Mesquita,15,2
Jilian Nei de Freitas,Jilian Nei de Freitas,7,2
Marystela Ferreira,Marystela Ferreira,7,2
Wanessa Lima de Oliveira,Wanessa Lima de Oliveira,15,2
Syed Adnan Raza,Syed Adnan Raza,7,2
Anette Eleonora Gunnæs,Anette Eleonora Gunnæs,1,2
Luiz Carlos Sampaio Lima,Luiz Carlos Sampaio Lima,7,2
Celso Fidelis de Moura Junior,Celso Fidelis de Moura Junior,19,2
Andre Sarto Polo,Andre Sarto Polo,7,2
Eduardo Padron Hernandez,Eduardo Padron Hernandez,10,2
Maria Oneide Silva-Moraes,Maria Oneide Silva-Moraes,19,2
Heloisa Nunes Bordallo,Heloisa Nunes Bordallo,19,2
RUBENIA SILVEIRA MONTE,RUBENIA SILVEIRA MONTE,10,2
Fábia Karine Andrade,Fábia Karine Andrade,19,2
Marisa Masumi Beppu,Marisa Masumi Beppu,19,2
Rodrigo Silveira Vieira,Rodrigo Silveira Vieira,19,2
Jean Valdir Uchôa Teixeira,Jean Valdir Uchôa Teixeira,19,2
Gean Vitor Salmoria,Gean Vitor Salmoria,19,2
Mauricio Vicente Donadon,Mauricio Vicente Donadon,10,2
Josué Coelho do Amaral Júnior,Josué Coelho do Amaral Júnior,15,2
Marcos Augusto Lima Nobre,Marcos Augusto Lima Nobre,1,2
Braulio Soares Archanjo,Braulio Soares Archanjo,7,2
João Paulo Vita Damasceno,João Paulo Vita Damasceno,7,2
Rayssa Rafaella de Souza da Cruz Oliveira,Rayssa Rafaella de Souza da Cruz Oliveira,17,2
Melissa Leitão dos Santos Costa,Melissa Leitão dos Santos Costa,19,2
Kamila Rodrigues Abreu,Kamila Rodrigues Abreu,17,2
Thiago de Souza Lamim,Thiago de Souza Lamim,10,2
Monica Calasans-Maia,Monica Calasans-Maia,19,2
Waldeci Paraguassu,Waldeci Paraguassu,7,2
Augusto Batagin Neto,Augusto Batagin Neto,18,2
Luciana De Simone Cividanes,Luciana De Simone Cividanes,10,2
Suelen Sartoretto,Suelen Sartoretto,19,2
Gabriel Gomes Baltazar Alves,Gabriel Gomes Baltazar Alves,18,2
João Batista Floriano,João Batista Floriano,7,2
Paula Cristina Rodrigues,Paula Cristina Rodrigues,7,2
Letícia Silva De Bortoli,Letícia Silva De Bortoli,15,2
Jeferson Ferreira de Deus,Jeferson Ferreira de Deus,7,2
Samarah Vargas Harb,Samarah Vargas Harb,19,2
Patrick Anderson de Moraes Prado,Patrick Anderson de Moraes Prado,10,2
Thais Cardoso de Oliveira,Thais Cardoso de Oliveira,10,2
Marcio Celso Fredel,Marcio Celso Fredel,15,2
Ingrid Gomes Ribeiro,Ingrid Gomes Ribeiro,19,2
Aloisio Nelmo Klein,Aloisio Nelmo Klein,10,2
Jacqueline F Leite Santos,Jacqueline F Leite Santos,15,2
Daniel Hermida Merino,Daniel Hermida Merino,17,2
Leandro Piaggi Ravaro,Leandro Piaggi Ravaro,10,2
Chiara Santillo,Chiara Santillo,10,2
Kívia Fabiana Galvão de Araújo,Kívia Fabiana Galvão de Araújo,15,2
Marino Lavorgna,Marino Lavorgna,10,2
Gilmar Patrocínio Thim,Gilmar Patrocínio Thim,19,2
Hugo Gajardoni de Lemos,Hugo Gajardoni de Lemos,1,2
Talita Mazon,Talita Mazon,1,2
Volodymyr Zaitsev,Volodymyr Zaitsev,10,2
Juliana Coatrini Soares,Juliana Coatrini Soares,7,2
Beatriz Aparecida Vessalli,Beatriz Aparecida Vessalli,1,2
Rafael Jesus Gonçalves Rubira,Rafael Jesus Gonçalves Rubira,17,2
Luiz Carlos da Silva-Filho,Luiz Carlos da Silva-Filho,7,2
Cristina Henriques Gaspar,Cristina Henriques Gaspar,7,2
Bruno Henrique de Santana Gois,Bruno Henrique de Santana Gois,7,2
Guilherme Bedeschi Calais,Guilherme Bedeschi Calais,19,2
Jamilly Salustiano Ferreira Constatino,Jamilly Salustiano Ferreira Constatino,19,2
Rafael Formenton Macedo dos Santos,Rafael Formenton Macedo dos Santos,19,2
Israel Ramos Rodrigues,Israel Ramos Rodrigues,19,2
Lanna Isabely Morais Sinimbu,Lanna Isabely Morais Sinimbu,7,2
Rebeca da Rocha Rodrigues,Rebeca da Rocha Rodrigues,7,2
Larissa de Oliveira Garcia Processo,Larissa de Oliveira Garcia Processo,1,2
Nícolas Lara,Nícolas Lara,26,2
Fayna Mammeri,Fayna Mammeri,1,2
JOAQUIM PAULO SILVA,JOAQUIM PAULO SILVA,15,2
Guilherme Sombrio,Guilherme Sombrio,1,2
Rossano Lang,Rossano Lang,17,2
Leonardo Almeida Freire,Leonardo Almeida Freire,15,2
Armando Hideki Shinohara,Armando Hideki Shinohara,17,2
Kelvi Wilson Evaristo Miranda,Kelvi Wilson Evaristo Miranda,15,2
Ana Carolina Cortez Lemos,Ana Carolina Cortez Lemos,15,2
Laura Valácio de Carvalho,Laura Valácio de Carvalho,15,2
Sergio Fernando Curcio,Sergio Fernando Curcio,7,2
Renan Eduardo de Lima Lopes,Renan Eduardo de Lima Lopes,19,2
Vitor Martins de Andrade,Vitor Martins de Andrade,19,2
Katia da Conceição,Katia da Conceição,19,2
Júlio C. Cezar,Júlio C. Cezar,7,2
Michelle de P. Madeira,Michelle de P. Madeira,15,2
Matthias Schrade,Matthias Schrade,1,2
Marco Antonio Schiavon,Marco Antonio Schiavon,1,2
Norbert Schell,Norbert Schell,17,2
Sai Santosh Kumar Raavi,Sai Santosh Kumar Raavi,7,2
Chinmoy Biswas,Chinmoy Biswas,7,2
Thalita Chiaramonte,Thalita Chiaramonte,1,2
Bernardo Almeida Iglesias,Bernardo Almeida Iglesias,4,2
Mariana Luna Lourenço,Mariana Luna Lourenço,19,2
Renan Daniel Domingos,Renan Daniel Domingos,7,2
Juliana Jarussi dos Santos,Juliana Jarussi dos Santos,10,2
Roberto de Aguiar Ramos Jr.,Roberto de Aguiar Ramos Jr.,1,2
Ángel Alberto Hidalgo,Ángel Alberto Hidalgo,7,2
Silvia Leticia Fernandes,Silvia Leticia Fernandes,1,2
Guilherme Severino Mendes de Araújo,Guilherme Severino Mendes de Araújo,7,2
Gustavo Menim Cruz,Gustavo Menim Cruz,15,2
André  Vieira,André  Vieira,7,2
Conrado Ramos Moreira Afonso,Conrado Ramos Moreira Afonso,19,2
José Geraldo da Silva Bezerra,José Geraldo da Silva Bezerra,17,2
Marília J. Caldas,Marília J. Caldas,7,2
Alzir Azevedo Batista,Alzir Azevedo Batista,7,2
Antônio  Eduardo Hora Machado,Antônio  Eduardo Hora Machado,7,2
Jefferson Marcio Sanches Lopes,Jefferson Marcio Sanches Lopes,7,2
Matheus Batista Cordeiro de Souza,Matheus Batista Cordeiro de Souza,1,2
Maria Helena Gonçalves de Souza,Maria Helena Gonçalves de Souza,10,2
José Eduardo Silva Olegário,José Eduardo Silva Olegário,7,2
Luana Rianne da Rocha,Luana Rianne da Rocha,10,2
Carlos Henrique Stadtlober,Carlos Henrique Stadtlober,7,2
Jean-Marc GRENECHE,Jean-Marc GRENECHE,10,2
Nicolas Menguy,Nicolas Menguy,10,2
Vinicius Danilo Nonato Bezzon,Vinicius Danilo Nonato Bezzon,17,2
Hélio Goldenstein,Hélio Goldenstein,17,2
Pablo Sebastián Fernández,Pablo Sebastián Fernández,1,2
João de Deus Pereira de Moraes Segundo,João de Deus Pereira de Moraes Segundo,19,2
Tales José da Silva,Tales José da Silva,7,2
Vinicius Alves Bastos,Vinicius Alves Bastos,7,2
Sandra Regina Masetto Antunes,Sandra Regina Masetto Antunes,15,2
Luiz Carlos Mariano,Luiz Carlos Mariano,7,2
Célio Junior da Costa Fernandes,Célio Junior da Costa Fernandes,19,2
Sophie Nowak,Sophie Nowak,10,2
Wilson Aparecido de Oliveira,Wilson Aparecido de Oliveira,7,2
Eder Carlos Ferreira de Souza,Eder Carlos Ferreira de Souza,15,2
Airton Germano Bispo Junior,Airton Germano Bispo Junior,1,2
Leonardo Figueiredo Saraiva,Leonardo Figueiredo Saraiva,1,2
KAIKE ROSIVAN MAIA PACHECO,KAIKE ROSIVAN MAIA PACHECO,7,2
Larissa Akashi,Larissa Akashi,1,2
Edson Cezar Grzebielucka,Edson Cezar Grzebielucka,15,2
Giovana Collombaro Cardoso,Giovana Collombaro Cardoso,19,2
Fernanda de Freitas Quadros,Fernanda de Freitas Quadros,19,2
MAURICIO MARTINS DAS NEVES,MAURICIO MARTINS DAS NEVES,1,2
Germán Darío Gómez Higuita,Germán Darío Gómez Higuita,7,2
José Zuñiga,José Zuñiga,1,2
Leticia Alana Bertoldo,Leticia Alana Bertoldo,10,2
Dalmo Mandelli,Dalmo Mandelli,1,2
Sandhra Maria Carvalho,Sandhra Maria Carvalho,12,2
Ana Claudia Vaz de Araújo,Ana Claudia Vaz de Araújo,3,2
Watson Loh,Watson Loh,1,2
Luiz Fernando Zagonel,Luiz Fernando Zagonel,13,2
Pamela Costa Carvalho,Pamela Costa Carvalho,3,2
Rodolfo Bezerra da Silva,Rodolfo Bezerra da Silva,2,2
Daniel Morais Nanicuacua,Daniel Morais Nanicuacua,10,2
Luiz Felipe Kaezmarek Pedrini,Luiz Felipe Kaezmarek Pedrini,13,2
Natália de Freitas Daudt,Natália de Freitas Daudt,2,2
Juliana Casares Araujo-Chaves,Juliana Casares Araujo-Chaves,13,2
Aline Ingrid Alves dos Reis Almeida,Aline Ingrid Alves dos Reis Almeida,2,2
José Felix da Silva Neto,José Felix da Silva Neto,18,2
Francisco Eroni Paz dos Santos,Francisco Eroni Paz dos Santos,13,2
Galo Juan Soler-Illia,Galo Juan Soler-Illia,10,2
Vera Alejandra Alvarez,Vera Alejandra Alvarez,10,2
Kelly Cristiane Gomes,Kelly Cristiane Gomes,18,2
Cristián Huck-Iriart,Cristián Huck-Iriart,10,2
Fiona M. Britto,Fiona M. Britto,10,2
Paulo Barbeitas Miranda,Paulo Barbeitas Miranda,13,2
Lucas Scalon,Lucas Scalon,13,2
Priscila Lemes Rachadel,Priscila Lemes Rachadel,25,2
Glaucia Regina Medeiros Burin,Glaucia Regina Medeiros Burin,15,2
Nadia Guerra Macedo,Nadia Guerra Macedo,2,2
Luiz Antonio Pessan,Luiz Antonio Pessan,1,2
Pollyana Trigueiro,Pollyana Trigueiro,13,2
Juliana Reis Cortines,Juliana Reis Cortines,13,2
Kahl Dick Zilnyk,Kahl Dick Zilnyk,16,2
Ricardo Vignoto Fernandes,Ricardo Vignoto Fernandes,3,2
Danielle Ramos Mota,Danielle Ramos Mota,10,2
Marcos Vinicius Puydinger dos Santos,Marcos Vinicius Puydinger dos Santos,3,2
Nguyet-Thanh HA-DUONG,Nguyet-Thanh HA-DUONG,15,2
Bianca Monserrat Galeano Villar,Bianca Monserrat Galeano Villar,3,2
Rafael Andrade Taveira,Rafael Andrade Taveira,25,2
Igor Wilis Mauerberg Barbosa,Igor Wilis Mauerberg Barbosa,25,2
Loren Mora Pastrana,Loren Mora Pastrana,2,2
Edvani Curti Muniz,Edvani Curti Muniz,2,2
sendos darwish,sendos darwish,15,2
Antônio Karlos Valença,Antônio Karlos Valença,18,2
Eduardo Henrique Lago Falcão,Eduardo Henrique Lago Falcão,10,2
Luciane Effting,Luciane Effting,3,2
Cesar Augusto Machado Moraes,Cesar Augusto Machado Moraes,2,2
Nilton Francelosi Azevedo Neto,Nilton Francelosi Azevedo Neto,13,2
Antonio Douglas da Silva Guedes Lima,Antonio Douglas da Silva Guedes Lima,18,2
Alexandre Cunha,Alexandre Cunha,16,2
Diego Bagnis,Diego Bagnis,3,2
Luiza de Queiroz Corrêa,Luiza de Queiroz Corrêa,3,2
Bárbara Hellen de Souza Miranda,Bárbara Hellen de Souza Miranda,3,2
Gabriela Amorim Soares,Gabriela Amorim Soares,3,2
Tania Regina Giraldi,Tania Regina Giraldi,13,2
Marcelo Machado Viana,Marcelo Machado Viana,2,2
Laryssa E. B. Sena,Laryssa E. B. Sena,2,2
Ailton Sousa-Junior,Ailton Sousa-Junior,3,2
Sebastião A Mendanha,Sebastião A Mendanha,3,2
Rodolfo L. Batalha,Rodolfo L. Batalha,16,2
José Ricardo de Arruda Miranda,José Ricardo de Arruda Miranda,3,2
Elisângela P. Silveira-Lacerda,Elisângela P. Silveira-Lacerda,3,2
Marcos Vinícius Bento,Marcos Vinícius Bento,16,2
Etenaldo Felipe Santiago,Etenaldo Felipe Santiago,15,2
Fernanda Signor,Fernanda Signor,2,2
João Paulo Araújo Souza,João Paulo Araújo Souza,2,2
Luana Taís Puhl Schneider,Luana Taís Puhl Schneider,2,2
Gabriela Silva Bonugli,Gabriela Silva Bonugli,2,2
Leonardo Correia Leandro,Leonardo Correia Leandro,18,2
Bruno Gomes Silva,Bruno Gomes Silva,3,2
Fabiana de Brito,Fabiana de Brito,15,2
Jair Scarminio,Jair Scarminio,1,2
José Ângelo Peixoto da Costa,José Ângelo Peixoto da Costa,10,2
Márcio Vilar França Lima,Márcio Vilar França Lima,10,2
Renato Grillo,Renato Grillo,15,2
Ana Carolina Marques,Ana Carolina Marques,13,2
Máximo Siu Li,Máximo Siu Li,23,2
Renata Rank Miranda,Renata Rank Miranda,23,2
Lincoln Brum Leite Gusmão Pinheiro,Lincoln Brum Leite Gusmão Pinheiro,3,2
Lucas Covello de Freitas,Lucas Covello de Freitas,10,2
João Vitor Pereira Alves,João Vitor Pereira Alves,10,2
Jéssica Dornelas da Silva,Jéssica Dornelas da Silva,13,2
Jefferson Bettini,Jefferson Bettini,3,2
Pascoal G. Pagliuso,Pascoal G. Pagliuso,3,2
Janetty Barros,Janetty Barros,24,2
Rafaella Hissae Koga,Rafaella Hissae Koga,13,2
Guilherme Santos Vacchi,Guilherme Santos Vacchi,16,2
Jéssica Cristina de Almeida,Jéssica Cristina de Almeida,13,2
Antonio Augusto G. von Zuben,Antonio Augusto G. von Zuben,2,2
Marcilene Cristina Gomes,Marcilene Cristina Gomes,13,2
Helen Caroline de Souza Barros,Helen Caroline de Souza Barros,13,2
Janine Karla França da Silva Braz,Janine Karla França da Silva Braz,2,2
Rogério Almeida Gouvêa,Rogério Almeida Gouvêa,18,2
Rodrigo da Silva,Rodrigo da Silva,16,2
Guilherme Augusto Barros Gomes,Guilherme Augusto Barros Gomes,13,2
Hanna Elisia Araújo de Barros,Hanna Elisia Araújo de Barros,23,2
Hugo Alexandre de Oliveira Rocha,Hugo Alexandre de Oliveira Rocha,2,2
Diego Onna,Diego Onna,10,2
Tiago Moreira Bastos Campos,Tiago Moreira Bastos Campos,2,2
Geraldo de Sousa Cândido,Geraldo de Sousa Cândido,23,2
Ingridy Silva,Ingridy Silva,24,2
Marcos Lopes Dias,Marcos Lopes Dias,2,2
Cristiane Luisa Jost,Cristiane Luisa Jost,10,2
Douglas Mendes da Silva Del Duque,Douglas Mendes da Silva Del Duque,13,2
Lucíola Lucena de Sousa,Lucíola Lucena de Sousa,16,2
Tatiana Petithory,Tatiana Petithory,2,2
Cristiane Carla Maciel,Cristiane Carla Maciel,24,2
Amanda de S. M. de Freitas,Amanda de S. M. de Freitas,24,2
Jéssica Souza Rodrigues,Jéssica Souza Rodrigues,24,2
Isabelle Brigaud,Isabelle Brigaud,2,2
Thais Caroline Almeida da Silva,Thais Caroline Almeida da Silva,10,2
Caue Ribeiro de Oliveira,Caue Ribeiro de Oliveira,13,2
Bárbara Sthefani Caldas,Bárbara Sthefani Caldas,24,2
EDUARDO RADOVANOVIC,EDUARDO RADOVANOVIC,24,2
Rafael Humberto Mota de Siqueira,Rafael Humberto Mota de Siqueira,16,2
Magnaudeix Amandine,Magnaudeix Amandine,2,2
Keyla M. Fuentes,Keyla M. Fuentes,10,2
Renate Wellen,Renate Wellen,24,2
Nichollas Guimarães Jaques,Nichollas Guimarães Jaques,24,2
Élida B. Hermida,Élida B. Hermida,23,2
Luana Marotta Reis de Vasconcellos,Luana Marotta Reis de Vasconcellos,2,2
Raul Back Campanelli,Raul Back Campanelli,3,2
Cesar Augusto Gonçalves Beatrice,Cesar Augusto Gonçalves Beatrice,1,2
Naiara Letícia Marana,Naiara Letícia Marana,18,2
Kelline Alaide Pereira Sousa,Kelline Alaide Pereira Sousa,10,2
Vitor Pinotti,Vitor Pinotti,16,2
Vânia Caldas de Sousa,Vânia Caldas de Sousa,10,2
Victor Hugo de Souza Lima,Victor Hugo de Souza Lima,2,2
Franciele de Matos Morawski,Franciele de Matos Morawski,10,2
Guilherme Mariz de Oliveira Barra,Guilherme Mariz de Oliveira Barra,10,2
Felipe Orlando Morais,Felipe Orlando Morais,18,2
Juliana Pires de Souza,Juliana Pires de Souza,3,2
Carlos Alberto Paskocimas,Carlos Alberto Paskocimas,18,2
ANDRÉ PAULO TSCHIPTSCHIN,ANDRÉ PAULO TSCHIPTSCHIN,16,2
Júlio César Martins Silva,Júlio César Martins Silva,3,2
Victor Alejandro Mauad de Sousa Andrade Essus,Victor Alejandro Mauad de Sousa Andrade Essus,13,2
Alexsandro dos Santos Evangelista da Cruz,Alexsandro dos Santos Evangelista da Cruz,3,2
Daniel Rodrigo Leiva,Daniel Rodrigo Leiva,1,2
Francisco Mateus Cirilo da Silva,Francisco Mateus Cirilo da Silva,3,2
Thiago Augusto Lodi,Thiago Augusto Lodi,3,2
Arundhati Joshi,Arundhati Joshi,25,2
Dorothea Brüggemann,Dorothea Brüggemann,25,2
Maurício de Jesus Monteiro,Maurício de Jesus Monteiro,2,2
Camila Bussola Tovani,Camila Bussola Tovani,2,2
Tamires Maira Oliveira,Tamires Maira Oliveira,2,2
Cristian Pohl Meinhardt,Cristian Pohl Meinhardt,16,2
Carlos Alberto Della Rovere,Carlos Alberto Della Rovere,16,2
Lucíola Lucena Sousa,Lucíola Lucena Sousa,16,2
Amanda Alves Barbosa,Amanda Alves Barbosa,2,2
THAINA KELLY DOS SANTOS SILVA,THAINA KELLY DOS SANTOS SILVA,2,2
THOMAS EZEQUIEL AMARAL GOMES,THOMAS EZEQUIEL AMARAL GOMES,2,2
Brenda Juliet Martins Freitas,Brenda Juliet Martins Freitas,16,2
José Carlos Germino,José Carlos Germino,3,2
Paulo Ernesto Marchezi,Paulo Ernesto Marchezi,3,2
Beatriz Aráoz,Beatriz Aráoz,23,2
Yara Galvao Gobato,Yara Galvao Gobato,3,2
Danilo Rodrigues de Souza,Danilo Rodrigues de Souza,13,2
Simon Pauly,Simon Pauly,16,2
João Carlos Angelico,João Carlos Angelico,13,2
Amanda Alvarenga Coutinho Silva,Amanda Alvarenga Coutinho Silva,10,2
Laurent ROYON,Laurent ROYON,1,2
Maria Fernanda Malateaux de Oliveira,Maria Fernanda Malateaux de Oliveira,1,2
Ana Carolina Corrêa,Ana Carolina Corrêa,23,2
Adriana de Campos  Pastre,Adriana de Campos  Pastre,23,2
Bruno Ribeiro Luchesi,Bruno Ribeiro Luchesi,23,2
Eduardo Gonçalves Ciapina,Eduardo Gonçalves Ciapina,1,2
Ariany Bonadio,Ariany Bonadio,1,2
Wido Herwig Schreiner,Wido Herwig Schreiner,4,2
Tais Teo de Barros-Alexandrino,Tais Teo de Barros-Alexandrino,15,2
Elisângela Corradini,Elisângela Corradini,23,2
Anderson Janotti,Anderson Janotti,1,2
Ricardo Stefani,Ricardo Stefani,23,2
Odilio Benedito Garrido de Assis,Odilio Benedito Garrido de Assis,15,2
Milena Martelli Tosi,Milena Martelli Tosi,15,2
Yuri Leandro Rodrigues Lopes Fernandes,Yuri Leandro Rodrigues Lopes Fernandes,15,2
Paula de Oliveira Ribeiro Alho,Paula de Oliveira Ribeiro Alho,4,2
Michaël REDOLFI,Michaël REDOLFI,1,2
Eliangela de Morais Teixeira,Eliangela de Morais Teixeira,23,2
Narayan Sahoo,Narayan Sahoo,4,2
Sirlene Maria da Costa,Sirlene Maria da Costa,4,2
Martha T. Oliveira,Martha T. Oliveira,4,2
Marcos de Oliveira Junior,Marcos de Oliveira Junior,10,2
Moyses Araujo,Moyses Araujo,1,2
Jeronimo Ferreira silva,Jeronimo Ferreira silva,18,2
Davi Marcelo Soares,Davi Marcelo Soares,1,2
Rodrigo Carvalho,Rodrigo Carvalho,1,2
Samir Santos Costa,Samir Santos Costa,4,2
Eduardo Pilad Nóbrega,Eduardo Pilad Nóbrega,4,2
Pedro Jorge von Ranke,Pedro Jorge von Ranke,4,2
Rafael de Moura Nobre,Rafael de Moura Nobre,16,2
Guilherme Bonifácio Rosa,Guilherme Bonifácio Rosa,18,2
Giovani Gonçalves Ribamar,Giovani Gonçalves Ribamar,18,2
Rochel Montero Lago,Rochel Montero Lago,13,2
Peter Hammer,Peter Hammer,15,2
Luis Miguel Gomes Abegão,Luis Miguel Gomes Abegão,4,2
André Gasparotto Pelosi,André Gasparotto Pelosi,4,2
Raquel Fernandes Pupo Nogueira,Raquel Fernandes Pupo Nogueira,15,2
Marisa Carvalho Oliveira,Marisa Carvalho Oliveira,18,2
Marie-Charlotte DRAGASSI,Marie-Charlotte DRAGASSI,1,2
Natalia Cristina da Silva,Natalia Cristina da Silva,15,2
Sergio E. Moya,Sergio E. Moya,1,2
Ioannis Kymissis,Ioannis Kymissis,10,2
Alysson Steimacher,Alysson Steimacher,4,2
Franciana Pedrochi,Franciana Pedrochi,4,2
Rafaella Takehara Paschoalin,Rafaella Takehara Paschoalin,22,2
Daolun Chen,Daolun Chen,4,2
Alice Gameiro Leonel,Alice Gameiro Leonel,15,2
Mauricio Dwek,Mauricio Dwek,1,2
Raquel Alvim Figueiredo Mansur,Raquel Alvim Figueiredo Mansur,4,2
Davinson Mariano da Silva,Davinson Mariano da Silva,4,2
Marco Isaias Alayo,Marco Isaias Alayo,4,2
Daiana Sígolo Pimenta,Daiana Sígolo Pimenta,13,2
Antonio Carlos Hernandes,Antonio Carlos Hernandes,4,2
Adriana Barbosa Salviano,Adriana Barbosa Salviano,13,2
Paula Sevenini Pinto,Paula Sevenini Pinto,13,2
Juliana Mara Pinto de Almeida,Juliana Mara Pinto de Almeida,4,2
Vinícius Fernando Coelho Sampaio,Vinícius Fernando Coelho Sampaio,13,2
Thamires Luciana Braz Alves,Thamires Luciana Braz Alves,13,2
Fabrício Vilela Parreira,Fabrício Vilela Parreira,13,2
Ana Paula de Carvalho Teixeira,Ana Paula de Carvalho Teixeira,13,2
Vinicius de Sousa,Vinicius de Sousa,4,2
Cleber F. N. Marchiori,Cleber F. N. Marchiori,1,2
Sidney Alves Lourenço,Sidney Alves Lourenço,13,2
Ana Rovisco,Ana Rovisco,13,2
Evandro Guilherme de Souza Zanni,Evandro Guilherme de Souza Zanni,4,2
Gabriel Vinícius Brambilla,Gabriel Vinícius Brambilla,10,2
Elyan Gustavo Vieira Melo,Elyan Gustavo Vieira Melo,15,2
Neusmar Junior Artico Cordeiro,Neusmar Junior Artico Cordeiro,13,2
Débora Ribeiro Antunes,Débora Ribeiro Antunes,15,2
José Vinicius de Lima,José Vinicius de Lima,23,2
Rhuan Alves Coutinho da Silva,Rhuan Alves Coutinho da Silva,23,2
Luiz A. F. Cavalcante,Luiz A. F. Cavalcante,15,2
Elisabeth Mateus Yoshimura,Elisabeth Mateus Yoshimura,4,2
Jacques Huot,Jacques Huot,1,2
Montcharles S. Pontes,Montcharles S. Pontes,15,2
Roosevelt Delano de Sousa Bezerra,Roosevelt Delano de Sousa Bezerra,23,2
Ado Jorio,Ado Jorio,12,2
Daniela Nunes,Daniela Nunes,13,2
Jose Mauro Granjeiro,Jose Mauro Granjeiro,13,2
Neilo Marcos Trindade,Neilo Marcos Trindade,4,2
Aguinaldo Robinson de Souza,Aguinaldo Robinson de Souza,18,2
Eloisa Pereira Cardozo,Eloisa Pereira Cardozo,16,2
Wandson Lukas do Nascimento Amorim,Wandson Lukas do Nascimento Amorim,4,2
Tomas Freire,Tomas Freire,13,2
MAHMOUD SALEH MOHAMMED AL KATHY,MAHMOUD SALEH MOHAMMED AL KATHY,1,2
Kelen M. F. Rossi de Aguiar,Kelen M. F. Rossi de Aguiar,23,2
André Cruz da Costa Maciel,André Cruz da Costa Maciel,16,2
STHEFANY ZAIDA SILVA DO AMPARO,STHEFANY ZAIDA SILVA DO AMPARO,2,2
Lívia Ramazzoti Chanan Silva,Lívia Ramazzoti Chanan Silva,1,2
Julieta Adriana Ferreira,Julieta Adriana Ferreira,13,2
Marcos Antonio Eufrásio Cruz,Marcos Antonio Eufrásio Cruz,3,2
Rogério José Baierle,Rogério José Baierle,12,2
Ana Teresa Harada,Ana Teresa Harada,4,2
Lino Misoguti,Lino Misoguti,4,2
Lucas Eduardo Sasso,Lucas Eduardo Sasso,10,2
Elton Ogoshi de Melo,Elton Ogoshi de Melo,12,2
Jéssica Araujo Costa,Jéssica Araujo Costa,13,2
Isabela Trindade Coutinho,Isabela Trindade Coutinho,23,2
Vagner Luiz Oliveira de Freitas,Vagner Luiz Oliveira de Freitas,4,2
Guilherme Oliveira Teixeira,Guilherme Oliveira Teixeira,10,2
Carlos Eduardo Scanferla,Carlos Eduardo Scanferla,15,2
Andrés Fabián Lasagni,Andrés Fabián Lasagni,4,2
Daniel Brandell,Daniel Brandell,1,2
Edilson Valmir Benvenutti,Edilson Valmir Benvenutti,10,2
Paula Vilarinho,Paula Vilarinho,1,2
Mariana Monteiro de Lima Forini,Mariana Monteiro de Lima Forini,15,2
Ana Cristina Marques,Ana Cristina Marques,4,2
Luciano T Costa,Luciano T Costa,18,2
Bruno de Pinho Alho,Bruno de Pinho Alho,4,2
Regiane Cristina Oliveira,Regiane Cristina Oliveira,10,2
Matheus Cavalcanti dos Santos Nunes,Matheus Cavalcanti dos Santos Nunes,4,2
